-1.652403,-0.474457,0.239587,8.952080
-1.303742,-0.387824,0.232108,9.119159
-0.991780,-0.312884,0.226078,9.245814
-0.707054,-0.246505,0.220936,9.369821
-0.441910,-0.186243,0.216160,9.490474
-0.188766,-0.130019,0.211326,9.607242
0.059182,-0.076195,0.206313,9.720926
0.308509,-0.023357,0.201091,9.833401
0.561781,0.028963,0.195667,9.944938
0.819881,0.080849,0.190090,10.055680
1.083096,0.132257,0.184407,10.165671
1.350891,0.182996,0.178668,10.274633
1.622470,0.232846,0.172920,10.382362
1.897029,0.281614,0.167214,10.488746
2.173762,0.329134,0.161597,10.593733
2.451858,0.375267,0.156116,10.697316
2.730504,0.419905,0.150809,10.799523
3.008888,0.462961,0.145697,10.900376
3.286273,0.504384,0.140771,10.999934
3.562068,0.544156,0.136022,11.098145
3.836232,0.582340,0.131437,11.195165
4.108888,0.619018,0.127007,11.291049
4.380160,0.654266,0.122722,11.385845
4.650174,0.688155,0.118571,11.479600
4.919054,0.720750,0.114548,11.572362
5.186924,0.752112,0.110643,11.664177
5.453910,0.782299,0.106849,11.755092
5.720135,0.811362,0.103158,11.845154
5.985725,0.839351,0.099565,11.934407
6.250807,0.866311,0.096063,12.022896
6.515508,0.892283,0.092645,12.110667
6.779957,0.917308,0.089306,12.197764
7.044284,0.941420,0.086041,12.284232
7.308618,0.964653,0.082842,12.370111
7.573102,0.987038,0.079701,12.455452
7.837882,1.008604,0.076610,12.540289
8.103209,1.029382,0.073572,12.624687
8.369336,1.049402,0.070590,12.708728
8.636285,1.068676,0.067665,12.792426
8.904026,1.087212,0.064799,12.875798
9.172535,1.105020,0.061995,12.958863
9.441783,1.122111,0.059254,13.041634
9.711745,1.138496,0.056578,13.124127
9.982393,1.154187,0.053969,13.206356
10.253699,1.169197,0.051428,13.288332
10.525635,1.183539,0.048958,13.370067
10.798174,1.197228,0.046559,13.451569
11.071287,1.210280,0.044234,13.532847
11.344945,1.222710,0.041984,13.613908
11.619120,1.234535,0.039810,13.694757
11.893782,1.245772,0.037714,13.775399
12.168904,1.256440,0.035698,13.855835
12.444454,1.266557,0.033761,13.936066
12.720404,1.276142,0.031907,14.016092
12.996725,1.285217,0.030135,14.095912
13.273387,1.293800,0.028446,14.175522
13.550360,1.301913,0.026843,14.254918
13.827614,1.309577,0.025319,14.334092
14.105113,1.316814,0.023849,14.413036
14.382824,1.323642,0.022406,14.491694
14.660713,1.330070,0.020985,14.569883
14.938752,1.336102,0.019585,14.647559
15.216911,1.341745,0.018208,14.724727
15.495159,1.347003,0.016854,14.801389
15.773467,1.351882,0.015523,14.877550
16.051805,1.356388,0.014215,14.953213
16.330143,1.360526,0.012932,15.028382
16.608450,1.364303,0.011673,15.103059
16.886698,1.367726,0.010438,15.177248
17.164856,1.370801,0.009229,15.250952
17.442894,1.373534,0.008046,15.324172
17.720785,1.375934,0.006889,15.396913
17.998458,1.378007,0.005759,15.469167
18.275834,1.379761,0.004654,15.540923
18.552914,1.381203,0.003575,15.612191
18.829713,1.382341,0.002521,15.682982
19.106245,1.383183,0.001491,15.753308
19.382534,1.383737,0.000484,15.823181
19.658624,1.384009,0.000484,15.892618
19.934562,1.384006,-0.000476,15.961638
20.210370,1.383736,-0.001413,16.030252
20.486063,1.383204,-0.002326,16.098469
20.761654,1.382417,-0.003218,16.166300
21.037160,1.381382,-0.004087,16.233754
21.312590,1.380105,-0.004947,16.300837
21.587956,1.378590,-0.005834,16.367552
21.863269,1.376837,-0.006780,16.366514
22.138543,1.374831,-0.007792,16.200470
22.413795,1.372557,-0.008869,16.033169
22.689041,1.369995,-0.010012,15.864554
22.964297,1.367127,-0.011222,15.694565
23.239579,1.363935,-0.012498,15.523134
23.514904,1.360400,-0.013841,15.350189
23.790288,1.356504,-0.015252,15.175650
24.065750,1.352227,-0.016730,14.999432
24.341306,1.347551,-0.018277,14.821441
24.616975,1.342456,-0.019893,14.641577
24.892776,1.336922,-0.021578,14.459730
25.168730,1.330929,-0.023334,14.275784
25.444856,1.324458,-0.025161,14.089610
25.721176,1.317486,-0.027060,13.901073
25.997709,1.309994,-0.029032,13.710026
26.274479,1.301959,-0.031078,13.516309
26.551507,1.293359,-0.033199,13.319752
26.828817,1.284173,-0.035396,13.120170
27.106435,1.274376,-0.037671,12.917357
27.384386,1.263945,-0.040026,12.711106
27.662687,1.252856,-0.042464,12.501186
27.941404,1.241081,-0.045027,12.287316
28.220594,1.228589,-0.047921,12.070070
28.500213,1.215320,-0.051358,11.852980
28.780208,1.201148,-0.055383,11.637559
29.060544,1.185909,-0.060001,11.424405
29.341184,1.169438,-0.065218,11.214043
29.622090,1.151564,-0.071037,11.006939
29.903220,1.132118,-0.077464,10.803499
30.184529,1.110928,-0.084502,10.604079
30.465966,1.087822,-0.092153,10.408983
30.747480,1.062627,-0.100421,10.218472
31.029012,1.035171,-0.109306,10.032766
31.310501,1.005279,-0.118810,9.852046
31.591877,0.972780,-0.128934,9.676457
31.873068,0.937503,-0.139676,9.506116
32.153995,0.899278,-0.151036,9.341108
32.434572,0.857937,-0.163012,9.181494
32.714706,0.813317,-0.175600,9.027312
32.994299,0.765254,-0.188796,8.878580
33.273244,0.713592,-0.202595,8.735300
33.551426,0.658177,-0.216991,8.597458
33.828725,0.598863,-0.231975,8.465032
34.105012,0.535506,-0.247539,8.337992
34.380150,0.467974,-0.263673,8.216310
34.653994,0.396139,-0.280365,8.099961
34.926392,0.319883,-0.297603,7.988950
35.197184,0.239098,-0.315371,7.883319
35.466205,0.153687,-0.333656,7.783159
35.733278,0.063563,-0.352431,7.689164
35.998232,-0.031350,-0.371679,7.600783
36.260856,-0.131102,-0.391439,7.520173
36.520967,-0.235747,-0.411455,7.464709
36.778540,-0.345384,-0.431278,7.454000
37.032913,-0.459704,-0.450956,7.436052
37.282927,-0.578043,-0.470708,7.382758
37.528313,-0.700167,-0.490605,7.317902
37.769193,-0.826065,-0.510760,7.238162
38.005707,-0.955773,-0.531334,7.148054
38.238104,-1.089446,-0.552511,7.052184
38.466710,-1.227364,-0.574505,6.958082
38.691874,-1.369919,-0.597073,6.888386
38.914001,-1.517602,-0.619424,6.877000
39.132730,-1.670243,-0.640559,6.882835
39.346810,-1.826693,-0.659545,6.901038
39.554363,-1.984874,-0.675730,6.953065
39.753343,-2.142138,-0.688710,7.031724
39.941930,-2.295714,-0.698458,7.131083
40.118515,-2.442880,-0.705079,6.871223
40.282048,-2.581457,-0.707806,6.569832
40.431468,-2.709313,-0.711692,6.263257
40.564147,-2.823375,-0.727599,5.998604
40.692879,-2.936163,-0.754309,5.765789
40.836349,-3.067592,-0.789371,5.506727
40.998709,-3.225818,-0.834116,5.221829
41.176207,-3.413091,-0.889226,4.958029
41.360908,-3.628678,-0.936541,4.940000
41.548136,-3.872368,-0.962262,4.950479
41.724124,-4.119666,-0.969784,5.097110
41.871959,-4.334441,-0.969946,5.326422
41.984913,-4.499576,-0.975295,5.522760
42.075092,-4.631913,-0.987240,5.674006
42.163871,-4.764882,-1.001675,5.805317
42.257144,-4.908657,-1.019283,5.935925
42.354637,-5.064327,-1.040205,6.061958
42.456518,-5.234208,-1.064500,6.179309
42.561847,-5.419194,-1.092195,6.088590
42.669099,-5.619490,-1.123088,5.961182
42.776210,-5.834452,-1.154920,5.892995
42.881402,-6.063418,-1.185567,5.881000
42.982172,-6.302169,-1.215309,5.887476
43.076177,-6.545017,-1.244614,5.920400
43.162969,-6.790515,-1.273477,5.963252
43.242679,-7.038735,-1.301937,6.009366
43.315336,-7.289451,-1.330034,6.056396
43.380982,-7.542529,-1.357798,6.103311
43.439644,-7.797819,-1.385260,6.149446
43.491346,-8.055179,-1.412448,6.194399
43.536104,-8.314468,-1.439389,6.237914
43.573927,-8.575548,-1.466106,6.279821
43.604818,-8.838281,-1.492622,6.320018
43.628778,-9.102525,-1.518958,6.358440
43.645802,-9.368142,-1.545133,6.395055
43.655879,-9.634987,-1.571165,6.429866
43.658999,-9.902916,-1.597058,6.462792
43.655150,-10.171787,-1.622824,6.494106
43.644320,-10.441398,-1.648353,6.523416
43.626514,-10.711580,-1.673481,6.551679
43.601808,-10.981891,-1.698167,6.584145
43.570359,-11.251669,-1.722398,6.622295
43.532338,-11.520485,-1.746124,6.664310
43.487934,-11.788000,-1.769305,6.709813
43.437371,-12.053855,-1.791909,6.758753
43.380899,-12.317722,-1.813903,6.810905
43.318788,-12.579293,-1.835263,6.866153
43.251326,-12.838284,-1.855967,6.924349
43.178819,-13.094437,-1.875999,6.985350
43.101580,-13.347517,-1.895348,7.049000
43.019932,-13.597319,-1.914006,7.115134
42.934199,-13.843665,-1.931974,7.183571
42.844705,-14.086403,-1.949255,7.254118
42.751770,-14.325411,-1.965858,7.326562
42.655704,-14.560598,-1.981810,7.400702
42.556805,-14.791893,-1.997135,7.476255
42.455324,-15.019322,-2.011980,7.553033
42.351492,-15.242905,-2.026555,7.630641
42.245299,-15.463045,-2.040903,7.707225
42.136498,-15.680493,-2.055019,7.781567
42.025011,-15.895603,-2.068944,7.853906
41.910849,-16.108515,-2.082714,7.924175
41.793981,-16.319411,-2.096366,7.992182
41.674369,-16.528445,-2.109932,8.057780
41.551959,-16.735775,-2.123436,8.120764
41.426685,-16.941542,-2.136901,8.180962
41.298491,-17.145850,-2.150347,8.238217
41.167322,-17.348784,-2.163793,8.292359
41.033121,-17.550411,-2.177256,8.343201
40.895830,-17.750782,-2.190750,8.390536
40.755391,-17.949936,-2.204291,8.434131
40.611751,-18.147895,-2.217888,8.473720
40.464855,-18.344667,-2.231551,8.508995
40.314655,-18.540246,-2.245291,8.539584
40.161106,-18.734616,-2.259112,8.565011
40.004165,-18.927745,-2.273022,8.584591
39.843799,-19.119593,-2.287023,8.589213
39.679978,-19.310108,-2.301118,8.586000
39.512679,-19.499227,-2.315308,8.572067
39.341886,-19.686880,-2.329595,8.569000
39.167590,-19.872988,-2.343975,8.554923
38.989789,-20.057466,-2.358448,8.552000
38.808490,-20.240221,-2.373009,8.538106
38.623708,-20.421158,-2.387654,8.535000
38.435465,-20.600173,-2.402377,8.525917
38.243794,-20.777163,-2.417173,8.521000
38.048732,-20.952021,-2.432033,8.513963
37.850329,-21.124637,-2.446950,8.511000
37.648642,-21.294902,-2.461915,8.508000
37.443734,-21.462707,-2.476919,8.506000
37.235679,-21.627943,-2.491952,8.506000
37.024560,-21.790502,-2.507006,8.507000
36.810459,-21.950285,-2.522081,8.509932
36.593468,-22.107193,-2.537184,8.512000
36.373647,-22.261150,-2.552318,8.513559
36.151018,-22.412109,-2.567484,8.515000
35.925615,-22.560014,-2.582688,8.514000
35.697473,-22.704809,-2.597931,8.513000
35.466626,-22.846438,-2.613213,8.512000
35.233117,-22.984840,-2.628537,8.508145
34.996991,-23.119953,-2.643901,8.507000
34.758302,-23.251714,-2.659305,8.503000
34.517108,-23.380057,-2.674748,8.500000
34.273472,-23.504916,-2.690227,8.497000
34.027461,-23.626227,-2.705742,8.494000
33.779148,-23.743926,-2.721290,8.489042
33.528610,-23.857948,-2.736867,8.487000
33.275926,-23.968232,-2.752473,8.484000
33.021180,-24.074720,-2.768104,8.481000
32.764458,-24.177354,-2.783758,8.478000
32.505847,-24.276080,-2.799431,8.476000
32.245439,-24.370846,-2.815123,8.473966
31.983323,-24.461604,-2.830830,8.471000
31.719592,-24.548310,-2.846551,8.469000
31.454339,-24.630920,-2.862284,8.467000
31.187653,-24.709398,-2.878029,8.465000
30.919628,-24.783707,-2.893786,8.463000
30.650351,-24.853815,-2.909553,8.461000
30.379910,-24.919693,-2.925333,8.458000
30.108391,-24.981314,-2.941126,8.454029
29.835875,-25.038653,-2.956934,8.451000
29.562441,-25.091688,-2.972763,8.447000
29.288164,-25.140398,-2.988614,8.438900
29.013114,-25.184764,-3.004486,8.436000
28.737352,-25.224768,-3.020395,8.429597
28.460979,-25.260387,-3.036275,8.420000
28.184007,-25.291612,-3.051956,8.424737
27.906732,-25.318445,-3.067469,8.433417
27.629908,-25.340888,-3.082986,8.453424
27.353706,-25.358975,-3.098593,8.462639
27.077737,-25.372738,-3.114358,8.420751
26.801682,-25.382169,-3.130364,8.368862
26.525199,-25.387221,-3.146679,8.311230
26.247940,-25.387806,-3.163386,8.252669
25.969616,-25.383800,-3.180406,8.206639
25.689898,-25.375048,-3.197415,8.196000
25.408988,-25.361463,-3.214065,8.201305
25.127985,-25.343124,-3.230013,8.209462
24.848361,-25.320286,-3.244923,8.236479
24.571889,-25.293400,-3.258545,8.280317
24.300483,-25.263089,-3.270676,8.339502
24.035953,-25.230090,-3.281231,8.411692
23.780127,-25.195227,-3.290198,8.494957
23.534430,-25.159297,-3.298119,8.585873
23.300176,-25.123039,-3.306283,8.681720
23.075966,-25.086513,-3.315177,8.774622
22.855977,-25.048735,-3.324532,8.857424
22.636283,-25.008936,-3.334471,8.933424
22.415558,-24.966751,-3.345161,9.003747
22.192135,-24.921658,-3.356704,8.918535
21.964829,-24.873145,-3.369213,8.807157
21.732780,-24.820697,-3.382866,8.713434
21.495722,-24.763850,-3.397014,8.661253
21.253054,-24.702050,-3.410363,8.654000
21.007048,-24.635765,-3.422721,8.657620
20.764140,-24.566970,-3.434415,8.687519
20.527155,-24.496771,-3.445435,8.730287
20.295743,-24.425349,-3.455780,8.780435
20.070181,-24.353088,-3.465520,8.836258
19.850541,-24.280285,-3.474676,8.896058
19.636739,-24.207166,-3.483136,8.958072
19.428516,-24.133900,-3.491458,9.022994
19.226867,-24.061060,-3.500623,9.088980
19.029442,-23.987798,-3.510710,9.150022
18.829232,-23.911291,-3.521446,9.207212
18.623327,-23.830134,-3.532700,9.255486
18.412073,-23.744171,-3.544365,9.293923
18.195322,-23.653062,-3.556404,9.327826
17.973333,-23.556638,-3.568729,9.353318
17.746447,-23.454782,-3.581235,9.371784
17.515145,-23.347471,-3.593800,9.385550
17.279986,-23.234766,-3.606286,9.402975
17.041588,-23.116810,-3.618553,9.428776
16.800595,-22.993833,-3.630461,9.464517
16.557662,-22.866138,-3.641878,9.510659
16.313435,-22.734103,-3.652683,9.567225
16.068540,-22.598167,-3.662766,9.633878
15.823566,-22.458820,-3.672046,9.710061
15.579077,-22.316596,-3.680459,9.795034
15.335604,-22.172064,-3.687919,9.887681
15.093514,-22.025741,-3.694381,9.987237
14.853479,-21.878369,-3.699880,10.092446
14.616496,-21.730914,-3.704463,10.201547
14.382721,-21.583817,-3.708180,10.313599
14.151655,-21.437083,-3.711082,10.427676
13.922875,-21.290737,-3.713207,10.542809
13.695955,-21.144777,-3.714583,10.658314
13.470487,-20.999192,-3.715228,10.773601
13.246073,-20.853967,-3.715153,10.888157
13.022322,-20.709080,-3.714358,11.001493
12.798848,-20.564511,-3.712836,11.113108
12.575271,-20.420241,-3.710570,11.222448
12.351207,-20.276258,-3.707534,11.237010
12.126276,-20.132557,-3.703695,11.013844
11.900091,-19.989147,-3.699007,10.793094
11.672259,-19.846050,-3.693417,10.575937
11.442379,-19.703307,-3.686860,10.363797
11.210045,-19.560988,-3.679296,10.158578
10.974819,-19.419170,-3.670790,9.961967
10.736458,-19.278065,-3.661454,9.774126
10.495332,-19.138216,-3.651399,9.595262
10.252084,-19.000272,-3.640777,9.424712
10.007453,-18.864871,-3.629741,9.259991
9.762327,-18.732645,-3.618452,9.097899
9.517601,-18.604144,-3.607053,8.933898
9.274198,-18.479842,-3.595681,8.763927
9.032942,-18.360082,-3.584239,8.583959
8.794625,-18.245142,-3.572108,8.398465
8.559083,-18.134924,-3.558922,8.219675
8.323797,-18.028439,-3.544779,8.046585
8.086699,-17.925018,-3.529579,7.875819
7.847184,-17.824694,-3.513194,7.710598
7.604490,-17.727515,-3.495519,7.552360
7.358081,-17.633682,-3.476479,7.404981
7.107477,-17.543483,-3.455994,7.274624
6.852462,-17.457349,-3.434565,7.180231
6.592880,-17.375715,-3.413801,7.169000
6.329979,-17.299135,-3.394390,7.174751
6.068400,-17.228594,-3.375894,7.209379
5.811280,-17.164441,-3.358353,7.256115
5.559018,-17.106319,-3.341921,7.302084
5.312439,-17.053898,-3.326591,7.356648
5.072144,-17.006788,-3.312277,7.416730
4.838596,-16.964583,-3.298843,7.481795
4.611812,-16.926840,-3.285534,7.366005
4.391546,-16.893176,-3.270448,7.193849
4.175548,-16.863261,-3.253040,7.050334
3.957834,-16.836727,-3.234315,6.926695
3.735169,-16.813686,-3.214509,6.807660
3.508336,-16.794615,-3.193691,6.700313
3.277894,-16.779953,-3.172050,6.603202
3.044675,-16.770080,-3.149750,6.517107
2.809606,-16.765301,-3.127048,6.434976
2.573551,-16.765819,-3.103868,6.332802
2.337414,-16.771746,-3.079248,6.204920
2.101200,-16.783305,-3.052588,6.067286
1.862535,-16.801131,-3.023804,5.923422
1.619688,-16.826056,-2.992513,5.774691
1.372390,-16.858962,-2.958386,5.623117
1.120301,-16.900933,-2.921088,5.470009
0.863495,-16.953171,-2.880486,5.314293
0.602212,-17.017008,-2.836506,5.160432
0.337533,-17.093666,-2.791182,5.075339
0.071078,-17.184009,-2.750479,5.055000
-0.193910,-17.286913,-2.716870,5.066006
-0.448601,-17.396824,-2.689246,5.169425
-0.687201,-17.508533,-2.667712,5.300720
-0.908879,-17.619070,-2.652382,5.443000
-1.111788,-17.724949,-2.642354,5.597173
-1.294182,-17.823066,-2.636080,5.752885
-1.454267,-17.910844,-2.630972,5.741299
-1.590753,-17.986640,-2.623015,5.530559
-1.700203,-18.048300,-2.616158,5.524000
-1.789873,-18.099852,-2.614014,5.526859
-1.884839,-18.154915,-2.607110,5.630924
-1.999054,-18.221758,-2.593225,5.753679
-2.131389,-18.301103,-2.573690,5.674397
-2.281450,-18.394534,-2.546325,5.419715
-2.447159,-18.503112,-2.505568,5.147392
-2.627842,-18.630400,-2.449832,4.885421
-2.824840,-18.784003,-2.387904,4.713611
-3.034439,-18.968692,-2.334634,4.690000
-3.247730,-19.179984,-2.292326,4.703709
-3.449904,-19.400075,-2.257478,4.826935
-3.634601,-19.617275,-2.230077,4.980451
-3.803537,-19.829015,-2.210309,5.148989
-3.956763,-20.030620,-2.195751,5.327063
-4.093457,-20.216879,-2.180896,5.504975
-4.214355,-20.386649,-2.163388,5.663435
-4.330580,-20.555623,-2.143288,5.817075
-4.450584,-20.737327,-2.119674,5.974074
-4.574440,-20.934078,-2.092778,6.118768
-4.701539,-21.147786,-2.063030,6.247347
-4.829929,-21.378308,-2.031464,6.264910
-4.957206,-21.624328,-1.999232,6.201339
-5.080887,-21.883356,-1.967693,6.187000
-5.198825,-22.152151,-1.938325,6.194642
-5.309630,-22.427191,-1.911208,6.248653
-5.411939,-22.703345,-1.885941,6.322404
-5.505733,-22.978395,-1.862372,6.417089
-5.592000,-23.253153,-1.840302,6.527530
-5.671442,-23.527957,-1.819619,6.645132
-5.744640,-23.803065,-1.800230,6.768031
-5.812080,-24.078636,-1.782065,6.894732
-5.874193,-24.354792,-1.765056,7.024560
-5.931368,-24.631645,-1.749138,7.157101
-5.983969,-24.909350,-1.734277,7.292040
-6.032346,-25.188157,-1.720442,7.429317
-6.076819,-25.468260,-1.707602,7.568854
-6.117688,-25.749868,-1.695732,7.710668
-6.155254,-26.033308,-1.684813,7.854840
-6.189816,-26.319037,-1.674858,8.001547
-6.221670,-26.607634,-1.665944,8.150946
-6.251131,-26.899823,-1.658199,8.303568
-6.278487,-27.195865,-1.651764,8.459337
-6.304019,-27.495336,-1.646617,8.618110
-6.327911,-27.796081,-1.642707,8.778057
-6.350274,-28.094709,-1.639964,8.936437
-6.371297,-28.388485,-1.638172,9.091825
-6.391105,-28.674316,-1.637191,9.241763
-6.409753,-28.948912,-1.636948,9.384134
-6.427281,-29.209354,-1.637541,9.517423
-6.443718,-29.453058,-1.639072,9.640243
-6.459322,-29.680774,-1.641298,9.752277
-6.474480,-29.895976,-1.643827,9.854485
-6.489659,-30.104280,-1.646627,9.950655
-6.505327,-30.311760,-1.649915,10.045374
-6.521710,-30.520251,-1.653768,10.137472
-6.539050,-30.731293,-1.658273,10.227722
-6.557598,-30.946034,-1.663083,10.315124
-6.577586,-31.165373,-1.667767,10.399607
-6.599137,-31.390022,-1.672197,10.485897
-6.622306,-31.620470,-1.676312,10.575480
-6.647106,-31.856969,-1.680029,10.668468
-6.673506,-32.099553,-1.683255,10.764976
-6.701427,-32.348071,-1.685888,10.865034
-6.730735,-32.602210,-1.687829,10.968517
-6.761243,-32.861527,-1.688987,11.075080
-6.792712,-33.125470,-1.689295,11.184099
-6.824857,-33.393403,-1.688685,11.294669
-6.857351,-33.664583,-1.687108,11.129207
-6.889866,-33.938471,-1.684751,10.883289
-6.922037,-34.214170,-1.681715,10.633889
-6.953404,-34.489383,-1.677784,10.384559
-6.983612,-34.762825,-1.672870,10.139807
-7.012455,-35.034965,-1.666992,9.899388
-7.039725,-35.306206,-1.660120,9.664202
-7.065205,-35.576974,-1.652226,9.434607
-7.088666,-35.847680,-1.643261,9.211246
-7.109856,-36.118732,-1.633167,8.994887
-7.128502,-36.390529,-1.621872,8.786684
-7.144297,-36.663469,-1.609287,8.588344
-7.156897,-36.937944,-1.595312,8.402791
-7.165910,-37.214346,-1.579822,8.234606
-7.170892,-37.493034,-1.562890,8.095313
-7.171354,-37.774369,-1.545194,8.000556
-7.166883,-38.058004,-1.528734,7.992000
-7.157498,-38.341841,-1.516029,7.996272
-7.144202,-38.619752,-1.508036,8.059113
-7.128915,-38.882476,-1.504113,8.168850
-7.113589,-39.121648,-1.501187,8.055892
-7.099641,-39.329588,-1.496219,7.826026
-7.086981,-39.507916,-1.489221,7.645686
-7.074489,-39.669928,-1.475970,7.452057
-7.059704,-39.840298,-1.455767,7.267811
-7.038427,-40.044592,-1.434203,7.131792
-7.008607,-40.281608,-1.414349,7.040867
-6.971837,-40.532158,-1.394512,6.996400
-6.930695,-40.778800,-1.374471,6.929516
-6.885124,-41.021898,-1.354211,6.864766
-6.835201,-41.261489,-1.333653,6.798408
-6.780899,-41.497834,-1.312811,6.741460
-6.722191,-41.731110,-1.292011,6.732000
-6.659061,-41.961524,-1.271495,6.736832
-6.591552,-42.189354,-1.250972,6.766260
-6.519627,-42.415007,-1.230212,6.801459
-6.442935,-42.639491,-1.209235,6.832069
-6.361102,-42.863616,-1.188008,6.841719
-6.273986,-43.087435,-1.166494,6.825186
-6.181443,-43.310948,-1.144661,6.804649
-6.083329,-43.534108,-1.122483,6.780883
-5.979497,-43.756836,-1.099940,6.754759
-5.869810,-43.979016,-1.077014,6.726833
-5.754130,-44.200501,-1.053693,6.697760
-5.632334,-44.421112,-1.029967,6.667566
-5.504304,-44.640647,-1.005830,6.637434
-5.369937,-44.858876,-0.981275,6.605505
-5.229139,-45.075550,-0.956300,6.576456
-5.081834,-45.290401,-0.930899,6.540860
-4.927956,-45.503144,-0.905084,6.516282
-4.767453,-45.713488,-0.878871,6.473918
-4.600309,-45.921105,-0.852373,6.454345
-4.426594,-46.125599,-0.826249,6.441000
-4.246524,-46.326581,-0.800984,6.447952
-4.061406,-46.522811,-0.776538,6.478069
-3.872667,-46.713179,-0.753011,6.519937
-3.681022,-46.897416,-0.730556,6.567874
-3.487317,-47.075246,-0.709272,6.623692
-3.292414,-47.246472,-0.689244,6.686641
-3.097183,-47.410967,-0.670521,6.756321
-2.902474,-47.568674,-0.653120,6.832004
-2.709090,-47.719606,-0.637023,6.912838
-2.517763,-47.863844,-0.622175,6.997838
-2.329127,-48.001530,-0.608493,7.085932
-2.143691,-48.132869,-0.595859,7.176000
-1.961822,-48.258123,-0.584139,7.266958
-1.783711,-48.377621,-0.573172,7.357729
-1.609349,-48.491761,-0.562740,7.447573
-1.438631,-48.600927,-0.553052,7.535021
-1.270666,-48.705955,-0.543676,7.621130
-1.105594,-48.807026,-0.533017,7.708620
-0.942405,-48.904727,-0.520374,7.767689
-0.770908,-49.004703,-0.505315,7.586618
-0.583281,-49.110633,-0.487410,7.417674
-0.379654,-49.221208,-0.467000,7.260357
-0.160523,-49.334813,-0.444439,7.124976
0.072945,-49.449548,-0.420298,7.012661
0.319372,-49.563574,-0.395032,6.915170
0.577001,-49.675143,-0.369514,6.903000
0.843885,-49.782716,-0.346231,6.909389
1.118104,-49.885483,-0.326113,6.943660
1.391669,-49.981313,-0.308387,7.013848
1.657747,-50.068931,-0.292719,7.106612
1.916737,-50.149448,-0.278833,7.216067
2.168927,-50.223787,-0.266355,7.332141
2.414700,-50.292739,-0.254382,7.452313
2.654550,-50.356894,-0.242467,7.571492
2.893036,-50.417638,-0.230679,7.690304
3.134648,-50.476134,-0.218953,7.809719
3.379747,-50.532433,-0.207319,7.926634
3.628528,-50.586526,-0.195791,8.042199
3.881091,-50.638385,-0.184406,8.156397
4.137451,-50.687969,-0.173205,8.269597
4.397540,-50.735233,-0.162238,8.382116
4.661222,-50.780135,-0.151560,8.494335
4.928296,-50.822646,-0.141228,8.606654
5.198511,-50.862749,-0.131301,8.719475
5.471568,-50.900451,-0.121838,8.833179
5.747135,-50.935779,-0.112892,8.948097
6.024847,-50.968786,-0.104514,9.064489
6.304319,-50.999549,-0.096750,9.182526
6.585147,-51.028168,-0.089637,9.302274
6.866915,-51.054767,-0.083203,9.423696
7.149200,-51.079486,-0.077468,9.546650
7.431580,-51.102483,-0.072443,9.670892
7.713665,-51.123929,-0.068128,9.796120
7.995124,-51.144005,-0.064520,9.921970
8.275724,-51.162904,-0.061609,10.048092
8.555266,-51.180817,-0.059378,10.174073
8.833561,-51.197931,-0.057808,10.299478
9.110429,-51.214431,-0.056879,10.423869
9.385701,-51.230490,-0.056566,10.546806
9.659224,-51.246278,-0.056845,10.667856
9.930861,-51.261952,-0.057690,10.786598
10.200496,-51.277664,-0.059075,10.902626
10.468038,-51.293554,-0.060974,11.015549
10.733417,-51.309752,-0.063364,11.124999
10.996598,-51.326384,-0.066221,11.230618
11.257569,-51.343564,-0.069525,11.332066
11.516370,-51.361402,-0.073267,11.428998
11.773042,-51.380002,-0.077448,11.521077
12.027791,-51.399478,-0.082116,11.607914
12.280940,-51.419957,-0.087320,11.488086
12.533317,-51.441627,-0.093045,11.323728
12.785853,-51.464703,-0.099277,11.165991
13.038660,-51.489329,-0.106020,11.015794
13.291689,-51.515634,-0.113271,10.874317
13.544893,-51.543750,-0.121028,10.743218
13.798181,-51.573801,-0.129281,10.624365
14.051481,-51.605912,-0.137976,10.522302
14.304527,-51.640174,-0.146856,10.437914
14.556988,-51.676625,-0.155727,10.369816
14.806966,-51.714986,-0.164575,10.323075
15.052286,-51.754858,-0.173333,10.291899
15.292489,-51.796074,-0.181840,10.287000
15.527364,-51.838471,-0.189966,10.268577
15.756839,-51.881867,-0.197746,10.188318
15.980956,-51.926098,-0.205151,10.087821
16.200113,-51.971084,-0.212433,9.965685
16.414832,-52.016792,-0.219793,9.845403
16.625797,-52.063329,-0.227076,9.689023
16.839305,-52.112068,-0.235066,9.510481
17.061646,-52.164588,-0.244474,9.337647
17.293284,-52.221439,-0.255274,9.169393
17.533827,-52.283057,-0.267490,9.010969
17.782628,-52.349852,-0.281028,8.867752
18.038776,-52.422172,-0.295720,8.742328
18.301221,-52.500287,-0.311254,8.649302
18.568335,-52.584219,-0.326951,8.578918
18.838468,-52.673772,-0.342424,8.531729
19.108143,-52.767861,-0.357639,8.522000
19.374050,-52.865235,-0.372524,8.526748
19.635953,-52.965638,-0.387131,8.556049
19.894104,-53.068992,-0.401503,8.589870
20.148670,-53.175216,-0.415699,8.625393
20.399895,-53.284283,-0.429835,8.661982
20.647994,-53.396193,-0.444043,8.696230
20.893547,-53.511167,-0.458541,8.622969
21.137208,-53.629544,-0.473506,8.531638
21.379954,-53.751927,-0.488982,8.433100
21.622763,-53.879013,-0.505009,8.335762
21.865708,-54.011087,-0.521607,8.240063
22.108616,-54.148320,-0.538782,8.146411
22.351294,-54.290881,-0.556536,8.055422
22.593500,-54.438915,-0.574867,7.967452
22.834956,-54.592541,-0.593763,7.882781
23.075353,-54.751857,-0.613212,7.801575
23.314362,-54.916933,-0.633197,7.723873
23.551635,-55.087817,-0.653700,7.649660
23.786817,-55.264534,-0.674702,7.578726
24.019551,-55.447089,-0.696185,7.510998
24.249478,-55.635467,-0.718132,7.446100
24.476252,-55.829642,-0.740529,7.384305
24.699526,-56.029568,-0.763347,7.325658
24.918978,-56.235198,-0.786569,7.270176
25.134257,-56.446432,-0.810139,7.220865
25.345049,-56.663174,-0.834009,7.174937
25.550987,-56.885228,-0.858221,7.125033
25.751706,-57.112366,-0.882814,7.074194
25.946998,-57.344543,-0.907797,7.022851
26.136671,-57.581732,-0.933179,6.971220
26.320506,-57.823878,-0.958966,6.919671
26.498272,-58.070906,-0.985160,6.868729
26.669726,-58.322717,-1.011772,6.815318
26.834618,-58.579191,-1.038859,6.751609
26.992683,-58.840189,-1.066474,6.686726
27.143635,-59.105559,-1.094624,6.623221
27.287182,-59.375130,-1.123306,6.560994
27.423030,-59.648707,-1.152516,6.499812
27.550891,-59.926076,-1.182252,6.439990
27.670486,-60.207005,-1.212522,6.380151
27.781539,-60.491237,-1.243345,6.319232
27.883786,-60.778522,-1.274708,6.262575
27.976979,-61.068621,-1.306679,6.199444
28.060855,-61.361212,-1.339366,6.130559
28.135167,-61.656107,-1.372713,6.070573
28.199679,-61.953202,-1.406645,6.008613
28.254125,-62.252095,-1.441137,5.957518
28.298261,-62.552299,-1.476160,5.890095
28.331876,-62.853310,-1.511685,5.854172
28.354800,-63.154607,-1.547680,5.771803
28.366902,-63.455652,-1.584116,5.756000
28.368092,-63.755894,-1.620959,5.664716
28.358321,-64.054776,-1.658179,5.660000
28.337587,-64.351733,-1.695742,5.578394
28.305927,-64.646201,-1.733613,5.571000
28.263426,-64.937616,-1.771753,5.498102
28.210212,-65.225426,-1.810148,5.488000
28.146459,-65.509066,-1.848681,5.420470
28.072370,-65.788052,-1.887283,5.414000
27.988261,-66.061765,-1.926001,5.363735
27.894497,-66.329557,-1.963977,5.347000
27.791444,-66.591162,-2.000102,5.355819
27.680346,-66.845136,-2.033960,5.372946
27.563099,-67.089511,-2.065188,5.419976
27.441432,-67.323258,-2.093402,5.480641
27.317144,-67.545631,-2.118377,5.556562
27.192073,-67.756060,-2.140022,5.646385
27.067954,-67.954219,-2.158392,5.747794
26.946363,-68.139978,-2.173674,5.858095
26.828632,-68.313405,-2.186236,5.974124
26.715815,-68.474726,-2.196767,6.092664
26.608541,-68.624429,-2.206016,6.209964
26.506669,-68.763678,-2.214549,6.321933
26.409561,-68.893977,-2.222673,6.426747
26.316322,-69.016934,-2.230892,6.524039
26.226064,-69.133980,-2.240666,6.614867
26.137216,-69.247104,-2.252539,6.698019
26.044618,-69.362391,-2.265735,6.777331
25.943831,-69.484681,-2.279938,6.856665
25.835046,-69.613049,-2.294703,6.926105
25.719776,-69.745130,-2.309492,6.980029
25.599283,-69.879148,-2.323977,6.935824
25.475585,-70.012734,-2.337023,6.824994
25.350160,-70.144471,-2.349591,6.667458
25.225911,-70.271759,-2.362765,6.659000
25.106656,-70.390768,-2.375045,6.496402
24.984758,-70.509344,-2.390543,6.254061
24.848212,-70.638675,-2.413839,6.004539
24.692441,-70.780594,-2.445221,5.759451
24.515507,-70.933133,-2.483923,5.533451
24.316452,-71.092906,-2.528374,5.345050
24.095697,-71.255427,-2.576061,5.172581
23.854682,-71.416239,-2.624499,5.169000
23.597014,-71.570745,-2.670103,5.155000
23.326895,-71.715826,-2.710899,5.164585
23.051290,-71.848870,-2.747786,5.245792
22.777233,-71.968330,-2.781570,5.348398
22.505899,-72.075373,-2.812737,5.471611
22.236633,-72.171625,-2.841768,5.602913
21.969177,-72.258253,-2.869108,5.735746
21.703056,-72.336244,-2.895401,5.868521
21.437745,-72.406343,-2.921247,5.998127
21.171849,-72.469239,-2.947340,6.123327
20.903693,-72.525373,-2.974124,6.241144
20.631161,-72.574939,-3.001350,6.347793
20.352321,-72.617895,-3.028645,6.441874
20.067331,-72.653869,-3.055658,6.521581
19.777352,-72.682493,-3.082023,6.590811
19.483686,-72.703580,-3.107394,6.657297
19.187756,-72.717142,-3.131507,6.728192
18.891038,-72.723387,-3.154212,6.807784
18.594877,-72.722687,-3.175474,6.897217
18.300277,-72.715515,-3.195397,6.996201
18.007832,-72.702369,-3.214081,7.103030
17.717495,-72.683697,-3.231591,7.215999
17.429080,-72.659903,-3.247999,7.333546
17.142485,-72.631360,-3.263365,7.454609
16.857563,-72.598405,-3.277741,7.578478
16.574176,-72.561350,-3.291174,7.704644
16.292186,-72.520482,-3.303702,7.832735
16.011456,-72.476071,-3.315359,7.962476
15.731851,-72.428366,-3.326174,8.093658
15.453238,-72.377602,-3.336172,8.226118
15.175485,-72.324003,-3.345372,8.359725
14.898461,-72.267781,-3.353789,8.494366
14.622037,-72.209143,-3.361431,8.629940
14.346101,-72.148288,-3.368335,8.766332
14.070604,-72.085427,-3.374697,8.903418
13.795499,-72.020740,-3.380840,9.040723
13.520707,-71.954319,-3.386947,9.176605
13.246146,-71.886173,-3.393032,9.309531
12.971858,-71.816316,-3.399093,9.439333
12.697987,-71.744792,-3.405131,9.566144
12.424607,-71.671626,-3.411140,9.690026
12.151777,-71.596844,-3.417115,9.811092
11.879572,-71.520476,-3.423054,9.929449
11.608061,-71.442555,-3.428952,10.045192
11.337314,-71.363117,-3.434805,10.158416
11.067399,-71.282196,-3.440611,10.269213
10.798381,-71.199833,-3.446364,10.377672
10.530325,-71.116066,-3.452062,10.483882
10.263294,-71.030939,-3.457702,10.587927
9.997350,-70.944494,-3.463279,10.689891
9.732554,-70.856777,-3.468792,10.789855
9.468965,-70.767835,-3.474236,10.887899
9.206640,-70.677716,-3.479608,10.984100
8.945637,-70.586470,-3.484903,11.078535
8.686011,-70.494148,-3.490129,11.171274
8.427838,-70.400810,-3.495303,11.262415
8.171094,-70.306477,-3.500432,11.351919
7.915669,-70.211133,-3.505522,11.439780
7.661483,-70.114768,-3.510582,11.526090
7.408439,-70.017365,-3.515620,11.610861
7.156427,-69.918896,-3.520641,11.694121
6.905348,-69.819333,-3.525651,11.775910
6.655103,-69.718645,-3.530657,11.856252
6.405597,-69.616799,-3.535665,11.935171
6.156737,-69.513761,-3.540680,12.012681
5.908435,-69.409494,-3.545708,12.088797
5.660603,-69.303957,-3.550755,12.163523
5.413158,-69.197108,-3.555827,12.236859
5.166017,-69.088905,-3.560928,12.308801
4.919101,-68.979300,-3.566065,12.379336
4.672331,-68.868245,-3.571244,12.448443
4.425633,-68.755688,-3.576467,12.516102
4.178927,-68.641574,-3.581758,12.582255
3.932166,-68.525856,-3.587148,12.646949
3.685151,-68.408406,-3.592600,12.709761
3.437641,-68.289070,-3.598055,12.770433
3.189783,-68.167894,-3.603489,12.829824
2.941920,-68.045040,-3.608887,12.888346
2.694371,-67.920665,-3.614233,12.946044
2.447437,-67.794935,-3.619513,13.003104
2.201405,-67.668012,-3.624717,13.059646
1.956534,-67.540059,-3.629837,13.115783
1.713060,-67.411231,-3.634868,13.171598
1.471186,-67.281675,-3.639807,13.227142
1.231084,-67.151523,-3.644654,13.282435
0.992887,-67.020892,-3.649414,13.337469
0.756687,-66.889876,-3.654093,13.392209
0.522529,-66.758545,-3.658699,13.446603
0.290410,-66.626937,-3.663245,13.500578
0.060274,-66.495058,-3.667742,13.554057
-0.167999,-66.362873,-3.672218,13.606965
-0.394562,-66.230318,-3.676708,13.659224
-0.619777,-66.097194,-3.681228,13.710615
-0.844238,-65.963146,-3.685789,13.761098
-1.068417,-65.827882,-3.690403,13.810649
-1.292645,-65.691182,-3.695080,13.859154
-1.517210,-65.552842,-3.699830,13.906533
-1.742329,-65.412692,-3.704662,13.952608
-1.968154,-65.270597,-3.709582,13.997198
-2.194781,-65.126451,-3.714595,14.040075
-2.422248,-64.980178,-3.719704,14.080992
-2.650547,-64.831732,-3.724907,14.119677
-2.879621,-64.681095,-3.730204,14.155841
-3.109378,-64.528276,-3.735590,14.189182
-3.339690,-64.373307,-3.741057,14.219387
-3.570400,-64.216244,-3.746597,14.246127
-3.801328,-64.057165,-3.752198,14.269052
-4.032277,-63.896168,-3.757847,14.287737
-4.263035,-63.733368,-3.763535,14.275794
-4.493374,-63.568899,-3.769249,14.257184
-4.723100,-63.402882,-3.774977,14.241895
-4.952080,-63.235402,-3.780709,14.230199
-5.180176,-63.066553,-3.786438,14.227000
-5.407240,-62.896446,-3.792151,14.223000
-5.633133,-62.725189,-3.797839,14.224919
-5.857723,-62.552894,-3.803492,14.227873
-6.080884,-62.379677,-3.809101,14.233342
-6.302499,-62.205651,-3.814658,14.241270
-6.522460,-62.030930,-3.820154,14.251602
-6.740672,-61.855622,-3.825583,14.264320
-6.957046,-61.679837,-3.830937,14.279255
-7.171515,-61.503672,-3.836213,14.296510
-7.384008,-61.327231,-3.841409,14.315658
-7.594495,-61.150585,-3.846553,14.337061
-7.802926,-60.973821,-3.851683,14.359826
-8.009578,-60.796733,-3.856816,14.383545
-8.215208,-60.618683,-3.861971,14.408846
-8.420188,-60.439343,-3.867162,14.433283
-8.624517,-60.258698,-3.872387,14.455577
-8.828254,-60.076677,-3.877652,14.475970
-9.031424,-59.893238,-3.882958,14.493889
-9.234042,-59.708343,-3.888306,14.461168
-9.436113,-59.521966,-3.893696,14.427255
-9.637629,-59.334088,-3.899129,14.394433
-9.838575,-59.144698,-3.904603,14.362886
-10.038931,-58.953791,-3.910117,14.332776
-10.238668,-58.761369,-3.915671,14.304286
-10.437755,-58.567437,-3.921262,14.277580
-10.636158,-58.372005,-3.926888,14.253114
-10.833842,-58.175084,-3.932550,14.230987
-11.030773,-57.976687,-3.938251,14.213460
-11.226909,-57.776832,-3.943956,14.209000
-11.422284,-57.575466,-3.949603,14.210897
-11.616674,-57.372825,-3.955186,14.212736
-11.809470,-57.169575,-3.960731,14.220562
-12.000456,-56.965978,-3.966242,14.231327
-12.189753,-56.761931,-3.971724,14.243858
-12.377418,-56.557401,-3.977182,14.257405
-12.563520,-56.352333,-3.982622,14.271542
-12.748122,-56.146677,-3.988049,14.285899
-12.931284,-55.940383,-3.993469,14.272578
-13.113062,-55.733397,-3.998886,14.229768
-13.293511,-55.525664,-4.004306,14.181693
-13.472685,-55.317128,-4.009735,14.128870
-13.650635,-55.107729,-4.015179,14.071716
-13.827411,-54.897406,-4.020645,14.010591
-14.003061,-54.686093,-4.026150,13.946183
-14.177630,-54.473722,-4.031710,13.880352
-14.351163,-54.260213,-4.037328,13.813698
-14.523706,-54.045483,-4.043030,13.746326
-14.695259,-53.829494,-4.048869,13.680400
-14.865941,-53.612037,-4.054848,13.619418
-15.036062,-53.392638,-4.060935,13.563141
-15.205694,-53.171122,-4.067119,13.510410
-15.374694,-52.947602,-4.073394,13.461982
-15.542950,-52.722160,-4.079750,13.417633
-15.710342,-52.494895,-4.086177,13.377588
-15.876756,-52.265908,-4.092665,13.341870
-16.042079,-52.035305,-4.099204,13.310579
-16.206202,-51.803197,-4.105784,13.283775
-16.369019,-51.569701,-4.112394,13.261528
-16.530429,-51.334939,-4.119021,13.243896
-16.690333,-51.099038,-4.125657,13.230946
-16.848637,-50.862129,-4.132287,13.222768
-17.005250,-50.624350,-4.138903,13.219000
-17.160089,-50.385842,-4.145490,13.219000
-17.313071,-50.146752,-4.152040,13.220641
-17.464120,-49.907232,-4.158537,13.225493
-17.613174,-49.667422,-4.164953,13.232447
-17.760148,-49.427516,-4.171296,13.242836
-17.904929,-49.187770,-4.177597,13.257200
-18.047506,-48.948268,-4.183873,13.272892
-18.187962,-48.708915,-4.190131,13.287927
-18.326377,-48.469619,-4.196381,13.279011
-18.462827,-48.230279,-4.202634,13.239691
-18.597385,-47.990791,-4.208900,13.196212
-18.730119,-47.751049,-4.215188,13.149421
-18.861093,-47.510940,-4.221510,13.100089
-18.990367,-47.270352,-4.227875,13.048946
-19.117997,-47.029167,-4.234295,12.996736
-19.244035,-46.787263,-4.240780,12.944261
-19.368528,-46.544516,-4.247343,12.892455
-19.491517,-46.300798,-4.253995,12.842442
-19.613040,-46.055978,-4.260747,12.795892
-19.733129,-45.809920,-4.267612,12.755037
-19.851808,-45.562492,-4.274573,12.724967
-19.969093,-45.313567,-4.281551,12.721000
-20.084941,-45.063176,-4.288469,12.722757
-20.199156,-44.811745,-4.295301,12.727962
-20.311527,-44.559786,-4.302009,12.738805
-20.421894,-44.307746,-4.308553,12.753463
-20.530093,-44.056131,-4.314902,12.773581
-20.635984,-43.805439,-4.321028,12.798461
-20.739449,-43.556168,-4.326911,12.827927
-20.840386,-43.308797,-4.332536,12.861577
-20.938721,-43.063785,-4.337894,12.898986
-21.034395,-42.821561,-4.342984,12.939672
-21.127377,-42.582508,-4.347813,12.983114
-21.217652,-42.346962,-4.352393,13.028780
-21.305233,-42.115192,-4.356744,13.076106
-21.390148,-41.887404,-4.360889,13.124592
-21.472458,-41.663708,-4.364858,13.173665
-21.552234,-41.444157,-4.368686,13.222959
-21.629593,-41.228646,-4.372471,13.271975
-21.704689,-41.016916,-4.376416,13.320395
-21.777908,-40.807927,-4.380574,13.367062
-21.850221,-40.598807,-4.384886,13.306274
-21.922271,-40.387551,-4.389370,13.206378
-21.994133,-40.173775,-4.394048,13.106076
-22.065917,-39.956948,-4.398946,13.006338
-22.137666,-39.736700,-4.404070,12.907438
-22.209390,-39.512722,-4.409428,12.809281
-22.281063,-39.284799,-4.415032,12.712326
-22.352621,-39.052804,-4.420891,12.617344
-22.423971,-38.816688,-4.427012,12.525120
-22.494994,-38.576468,-4.433396,12.436477
-22.565551,-38.332220,-4.440038,12.352231
-22.635486,-38.084069,-4.446932,12.273242
-22.704636,-37.832190,-4.454063,12.200457
-22.772830,-37.576790,-4.461416,12.134505
-22.839898,-37.318105,-4.468979,12.077886
-22.905663,-37.056424,-4.476684,12.031227
-22.969987,-36.791942,-4.484436,11.991288
-23.032680,-36.525202,-4.492209,11.970415
-23.093397,-36.257563,-4.499983,11.966000
-23.151966,-35.989758,-4.507746,11.967988
-23.208414,-35.721687,-4.515506,11.976115
-23.262746,-35.453356,-4.523267,11.981066
-23.314969,-35.184742,-4.531031,11.982000
-23.365087,-34.915826,-4.538803,11.978000
-23.413104,-34.646588,-4.546586,11.970016
-23.459023,-34.377007,-4.554384,11.958697
-23.502842,-34.107061,-4.562201,11.944281
-23.544560,-33.836728,-4.570042,11.926858
-23.584175,-33.565983,-4.577909,11.906524
-23.621681,-33.294801,-4.585809,11.883408
-23.657070,-33.023157,-4.593744,11.857587
-23.690335,-32.751022,-4.601721,11.829276
-23.721463,-32.478371,-4.609743,11.798533
-23.750442,-32.205169,-4.617821,11.765612
-23.777256,-31.931388,-4.625968,11.731848
-23.801886,-31.656971,-4.634187,11.697483
-23.824318,-31.381779,-4.642474,11.663708
-23.844526,-31.105757,-4.650827,11.632047
-23.862474,-30.828983,-4.659241,11.602013
-23.878133,-30.551528,-4.667711,11.573813
-23.891472,-30.273467,-4.676234,11.547408
-23.902464,-29.994878,-4.684804,11.522838
-23.911086,-29.715838,-4.693416,11.500117
-23.917318,-29.436428,-4.702066,11.479265
-23.921140,-29.156728,-4.710748,11.460298
-23.922540,-28.876819,-4.719458,11.443238
-23.921505,-28.596783,-4.728189,11.428101
-23.918028,-28.316705,-4.736936,11.414878
-23.912103,-28.036666,-4.745695,11.403751
-23.903728,-27.756751,-4.754459,11.394546
-23.892907,-27.477044,-4.763226,11.386090
-23.879643,-27.197633,-4.771998,11.378501
-23.863942,-26.918578,-4.780776,11.369907
-23.845808,-26.639897,-4.789563,11.360618
-23.825243,-26.361604,-4.798358,11.350581
-23.802249,-26.083711,-4.807164,11.339826
-23.776830,-25.806231,-4.815981,11.328367
-23.748986,-25.529179,-4.824811,11.316220
-23.718719,-25.252568,-4.833655,11.303397
-23.686029,-24.976413,-4.842514,11.289913
-23.650918,-24.700728,-4.851390,11.275782
-23.613386,-24.425528,-4.860284,11.261017
-23.573433,-24.150828,-4.869197,11.245629
-23.531059,-23.876644,-4.878131,11.229630
-23.486264,-23.602992,-4.887085,11.213032
-23.439046,-23.329886,-4.896062,11.195845
-23.389405,-23.057344,-4.905063,11.178078
-23.337340,-22.785382,-4.914090,11.159741
-23.282848,-22.514017,-4.923142,11.140842
-23.225930,-22.243265,-4.932222,11.121388
-23.166582,-21.973144,-4.941330,11.101387
-23.104802,-21.703672,-4.950468,11.080845
-23.040588,-21.434867,-4.959638,11.059766
-22.973938,-21.166746,-4.968840,11.038155
-22.904849,-20.899329,-4.978075,11.016013
-22.833317,-20.632633,-4.987345,10.993339
-22.759339,-20.366678,-4.996651,10.970127
-22.682911,-20.101482,-5.005995,10.946363
-22.604031,-19.837066,-5.015378,10.922020
-22.522693,-19.573449,-5.024800,10.897045
-22.438894,-19.310650,-5.034265,10.871349
-22.352629,-19.048691,-5.043772,10.844775
-22.263893,-18.787591,-5.053323,10.817073
-22.172680,-18.527371,-5.062921,10.787871
-22.078987,-18.268053,-5.072566,10.756594
-21.982806,-18.009656,-5.082264,10.722707
-21.884131,-17.752203,-5.092021,10.686099
-21.782947,-17.495698,-5.101845,10.646711
-21.679233,-17.240137,-5.111744,10.604660
-21.572960,-16.985507,-5.121724,10.560041
-21.464095,-16.731790,-5.131796,10.512915
-21.352600,-16.478968,-5.141967,10.463382
-21.238433,-16.227026,-5.152246,10.411566
-21.121548,-15.975947,-5.162643,10.357629
-21.001895,-15.725713,-5.173169,10.301783
-20.879416,-15.476309,-5.183836,10.244310
-20.754050,-15.227718,-5.194656,10.185590
-20.625728,-14.979924,-5.205641,10.126146
-20.494377,-14.732911,-5.216806,10.066734
-20.359914,-14.486664,-5.228168,10.008415
-20.222250,-14.241168,-5.239740,9.953223
-20.081284,-13.996406,-5.251532,9.904069
-19.936918,-13.752377,-5.263471,9.869136
-19.789071,-13.509104,-5.275065,9.862000
-19.637901,-13.266866,-5.285867,9.865406
-19.484696,-13.027385,-5.295875,9.899934
-19.330985,-12.792523,-5.305021,9.951005
-19.177737,-12.563200,-5.313185,10.010173
-19.026067,-12.340437,-5.320358,10.078799
-18.877049,-12.125136,-5.326569,10.154334
-18.731658,-11.918047,-5.331995,10.234687
-18.590706,-11.719736,-5.336983,10.317734
-18.454430,-11.530088,-5.342626,10.400200
-18.322063,-11.347882,-5.349693,10.479535
-18.189190,-11.167410,-5.357614,10.546229
-18.051592,-10.983459,-5.366197,10.544216
-17.908607,-10.795548,-5.375547,10.455173
-17.759668,-10.603414,-5.385524,10.390566
-17.604492,-10.407190,-5.395462,10.384000
-17.443336,-10.207551,-5.405030,10.387000
-17.278928,-10.007890,-5.414505,10.390246
-17.113545,-9.810882,-5.423964,10.405316
-16.947026,-9.616297,-5.433401,10.416400
-16.779338,-9.424051,-5.442816,10.425296
-16.610403,-9.234022,-5.452200,10.429709
-16.440147,-9.046095,-5.461569,10.437765
-16.268486,-8.860151,-5.470941,10.446844
-16.095332,-8.676080,-5.480334,10.443741
-15.920589,-8.493777,-5.489769,10.418042
-15.744154,-8.313144,-5.499262,10.386287
-15.565917,-8.134087,-5.508835,10.350145
-15.385762,-7.956522,-5.518505,10.311100
-15.203569,-7.780371,-5.528295,10.270764
-15.019211,-7.605564,-5.538228,10.231557
-14.832550,-7.432037,-5.548319,10.198171
-14.643437,-7.259727,-5.558525,10.193000
-14.451719,-7.088576,-5.568758,10.187000
-14.257287,-6.918542,-5.578979,10.190198
-14.060261,-6.749765,-5.589172,10.198366
-13.860806,-6.582406,-5.599311,10.209851
-13.659055,-6.416586,-5.609373,10.224633
-13.455189,-6.252451,-5.619340,10.242794
-13.249392,-6.090131,-5.629191,10.264290
-13.041847,-5.929743,-5.638909,10.289038
-12.832741,-5.771392,-5.648479,10.316932
-12.622256,-5.615169,-5.657886,10.347846
-12.410577,-5.461152,-5.667120,10.381643
-12.197881,-5.309407,-5.676170,10.418174
-11.984340,-5.159986,-5.685028,10.457282
-11.770120,-5.012930,-5.693689,10.498802
-11.555375,-4.868264,-5.702148,10.542556
-11.340247,-4.726003,-5.710408,10.588391
-11.124874,-4.586153,-5.718453,10.636067
-10.909345,-4.448687,-5.726312,10.685489
-10.693821,-4.313620,-5.734118,10.736786
-10.478380,-4.180942,-5.741924,10.788369
-10.261940,-4.049969,-5.749733,10.840829
-10.043522,-3.920117,-5.757575,10.893557
-9.823048,-3.791368,-5.765448,10.944580
-9.600393,-3.663680,-5.773358,10.994495
-9.375490,-3.537051,-5.781304,11.042905
-9.148306,-3.411499,-5.789282,11.089819
-8.918845,-3.287064,-5.797286,11.135168
-8.687143,-3.163799,-5.805308,11.178983
-8.453266,-3.041771,-5.813337,11.221340
-8.217303,-2.921055,-5.821361,11.262383
-7.979365,-2.801728,-5.829366,11.302320
-7.739578,-2.683870,-5.837341,11.341406
-7.498079,-2.567557,-5.845271,11.379947
-7.255013,-2.452862,-5.853142,11.418247
-7.010521,-2.339847,-5.860950,11.456629
-6.764756,-2.228573,-5.868653,11.438825
-6.517848,-2.119084,-5.876127,11.329788
-6.269957,-2.011404,-5.883359,11.205955
-6.022452,-1.906047,-5.890403,11.067537
-5.776315,-1.803340,-5.897299,10.913384
-5.530850,-1.702915,-5.904125,10.747014
-5.285296,-1.604413,-5.910950,10.569504
-5.038852,-1.507502,-5.917847,10.381516
-4.790672,-1.411867,-5.924888,10.183275
-4.539837,-1.317210,-5.932209,9.974119
-4.285317,-1.223240,-5.940123,9.755014
-4.025875,-1.129686,-5.949348,9.524909
-3.758322,-1.035767,-5.961788,9.288285
-3.477070,-0.940395,-5.979703,9.056500
-3.170716,-0.841644,-6.002716,8.850654
-2.826751,-0.738561,-6.023982,8.840000
-2.445716,-0.633897,-6.035274,8.845725
-2.049139,-0.531927,-6.042616,8.952080
